{
	"vitalSign": {
		"goal": "Protect and Restore Habitat",
		"name": "Shoreline Armoring",
		"lead": "PSEMP Nearshore work group",
		"contact": "Contact goes here",
		"what": "A functioning, resilient Puget Sound ecosystem is defined to include dynamic shorelines maintained by coastal processes such as shoreline erosion and ecological exchange between terrestrial and aquatic systems. Shorelines are among the most valuable and fragile of our natural resources. More than 25% of the shoreline has been armored to protect public and private property, ports and marinas, roads and railways, and other uses. Shoreline armoring, the practice of constructing bulkheads (seawalls) and rock revetments, disrupts the natural process of erosion, which supplies much of the sand and gravel that forms and maintains our beaches and creates habitat for many other species. This vital sign indicates our progress in protecting intact shorelines and restoring armored shorelines. The indicator emphasizes the importance of feeder bluffs and the need to increase the use of soft shore techniques.",
		"key-messages": "Armoring increased between 2011 and 2015, with a net addition of 1.3 miles (6864 feet). In 2014 and 2015, however, more was removed than added. ~B New armoring continues to be constructed at an average pace of 0.66 miles (3,483 feet) per year (mean of 2011 – 2015), but the pace has slowed since 2012. ~B In contrast, shoreline armoring is removed at an average rate of 0.4 miles (2,105 feet) per year—not enough to balance out new armoring. ~B Feeder bluffs and soft shorelines are getting significant attention, but quantifying their extent remains difficult. Current work is addressing limitations in location data, mapping criteria, and definitions. ~B An emerging Implementation Strategy for shoreline armoring has identified that the greatest near-term opportunities for armoring removal and natural shoreline protection are on residential shorelines, however initiating efforts now on non-residential shorelines is crucial for long-term gains. Public lands continue to provide opportunities to demonstrate successes with removing armor or using soft shore protection methods.",
		"progress_rating": {
			"mp": 0,
			"msp": 70,
			"nc": 15,
			"gsw": 15,
			"gw": 0
		},
		"indicators": {
			"indicator1_name": "Amount of Shoreline Permitted",
			"indicator2_name": "Armor on Feeder Bluffs",
			"indicator3_name": "Use of Soft Shore Techniques"
		},
		"highlights": "Did I mention we have comfy chairs? Saving the world with meals on wheels. I'm nobody's taxi service; I'm not gonna be there to catch you every time you feel like jumping out of a spaceship. Annihilate? No. No violence. I won't stand for it. Not now, not ever, do you understand me?! I'm the Doctor, the Oncoming Storm - and you basically meant beat them in a football match, didn't you?. You hit me with a cricket bat. I'm nobody's taxi service; I'm not gonna be there to catch you every time you feel like jumping out of a spaceship. Aw, you're all Mr. Grumpy Face today. It's a fez. I wear a fez now. Fezes are cool ~P Did I mention we have comfy chairs? Saving the world with meals on wheels. I'm nobody's taxi service; I'm not gonna be there to catch you every time you feel like jumping out of a spaceship. Annihilate? No. No violence. I won't stand for it. Not now, not ever, do you understand me?! I'm the Doctor, the Oncoming Storm - and you basically meant beat them in a football match, didn't you?. You hit me with a cricket bat. I'm nobody's taxi service; I'm not gonna be there to catch you every time you feel like jumping out of a spaceship. Aw, you're all Mr. Grumpy Face today. It's a fez. I wear a fez now. Fezes are cool",
		"highlight_photo": "shoreline_armoring_image.jpg",
		"links": {
			"link0": {
				"link-name" : "I am a link1",
				"link-url" : "https://content.govdelivery.com/accounts/WAPSP/bulletins/19f8a4b"
			},
			"link1": {
				"link-name" : "I am a link2",
				"link-url" : "https://content.govdelivery.com/accounts/WAPSP/bulletins/19f8a4b"
			},
			"link2": {
				"link-name" : "I am a link3",
				"link-url" : "https://content.govdelivery.com/accounts/WAPSP/bulletins/19f8a4b"
			},
			"link3": {
				"link-name" : "I am a link4",
				"link-url" : "https://content.govdelivery.com/accounts/WAPSP/bulletins/19f8a4b"
			},
			"link4": {
				"link-name" : "I am a link5",
				"link-url" : "https://content.govdelivery.com/accounts/WAPSP/bulletins/19f8a4b"
			},
			"link5": {
				"link-name" : "I am a link6",
				"link-url" : "https://content.govdelivery.com/accounts/WAPSP/bulletins/19f8a4b"
			},
			"link6": {
				"link-name" : "I am a link7",
				"link-url" : "https://content.govdelivery.com/accounts/WAPSP/bulletins/19f8a4b"
			},
			"link7": {
				"link-name" : "I am a link8",
				"link-url" : "https://content.govdelivery.com/accounts/WAPSP/bulletins/19f8a4b"
			},
			"link8": {
				"link-name" : "I am a link9",
				"link-url" : "https://content.govdelivery.com/accounts/WAPSP/bulletins/19f8a4b"
			}	
		}
	}

}