{
  "indicator": {
    "goal": "Healthy human population",
    "vitalsign": "Shellfish beds",
    "indicator-name": "Acres of harvestable shellfish",
    "lead": "Scott Berbells, Washington State Department of Health",
    "contact": "Contact info",
    "logo-link": "logo",
    "indicator-progress": "getting better",
    "description": "Yes, this indicator has made gains relative to the baseline reference.~P Because there was an overall increase in cumulative net area of harvestable shellfish beds since 2007, including from the prohibited category, the indicator is making progress toward the 2020 target.~P The shellfish growing areas in Puget Sound cover roughly 225,000 acres. About 84% ( 188,000 acres) of the shellfish growing areas are suitable for harvest.~P Since 2007 (the baseline reference), more acres of shellfish beds were upgraded than downgraded across all classifications, resulting in a net increase of 3,695 acres of harvestable shellfish beds ( 9,254 acres gain, 5,559 acres loss). During the same time period, a net 4,540 acres of shellfish beds were upgraded from the “prohibited” classification ( 4,745 acres upgraded minus 205 acres downgraded to “prohibited”).~P The upgrades in growing area classifications since 2007 were dramatically offset by the 2011 downgrade of the Samish Bay shellfish growing area (4,037 acres), impacting the overall net acreage gained and slowing progress toward the 2020 target.~P The current net increase in harvestable shellfish area is 34% of the 2020 target.",
	"data-chart": "<img src='vs-images/shellfish_2007-dec2015.jpg' width='800' height='409' alt=''/>",
	"data-chart-details" : "Since 2007, the baseline reference year, sanitary conditions in some shellfish harvest areas improved enough to change their classifications for the better, and they were upgraded (cumulative total was 9,254 acres as of September 30, 2016). However, others changed for the worse and were downgraded (cumulative total of 5,559 acres, the majority of which was in Samish Bay). The net result was an increase of 3,695 acres reopened for harvest for all of Puget Sound, which is about 34% of the 2020 target of 10,800 acres. ~P<img src='vs-images/shellfish-table2.jpg' width='717' height='544' alt=''/> ~P<img src='vs-images/shellfish-table3.jpg' width='627' height='375' alt=''/> ~P In 2014, water quality improved on 358 acres of shellfish harvesting areas; improvements were found on 1,065 acres in 2015. Comparatively, water quality impairment resulted in restrictions on 49 acres of harvest area in 2014 and 599 acres in 2015. ~P Of the total harvest area classified in 2016, approximately 154,000 acres, or 68% were “approved” or “conditionally approved” for harvest. Thus, shellfish harvest is still possible in most of the areas under Department of Health jurisdiction, and these areas are distributed across all sub-basins of Puget Sound.~P In contrast, more than 36,000 acres ( 16%) of shellfish harvest areas were classified as “prohibited” due to the proximity of pollution sources or poor water quality. More than 60% of this acreage is prohibited because of a nearby wastewater treatment plant outfall, 29% because of nonpoint pollution sources, 8% because of marinas, and 2% because of other factors that could impact public health.~P The most recent Department of Health prediction indicates that 10,285 acres could potentially be upgraded between 2016 and 2020. This analysis incorporates information about the known or suspected causes of harvest restrictions and an area-by-area evaluation of the current activities and water quality trends. These projections, coupled with the current 2007 through September 2016 net acreage increase of 3,695 acres, results in a potential increase of 13,980 acres by 2020, above the 10,800 acres target value. Downgrades will occur during the same timeframe, counteracting the projected upgrades and potentially impacting the ability to meet the target value.",  
	"why": "Why is it happening?~P Implementation of effective pollution identification and correction (PIC) programs, agricultural best management practices, and on-site sewage system operation and maintenance programs have resulted in the correction of pollution sources. These corrections have led to improved water quality and upgraded shellfish acreage.~P Although the Sound-wide trend in improvement is positive, many factors affect the long-term ability to reach the target. Unless there are aggressive actions to improve farm management, wastewater treatment plant outfall locations, and to sustain on-site septic system operation and maintenance, and PIC the 2020 target may not be met.",
	"what": "This indicator is the acres of harvestable shellfish beds.~P The Washington State Department of Health classifies 95 different shellfish growing areas in Puget Sound, covering roughly 225,000 acres. Upgrades in classification mean that water quality has improved, allowing for fewer restrictions on shellfish harvest.~P Sites are classified as “approved,” “conditionally approved,” “restricted,” or “prohibited.” Downgrades mean there are either more restrictions on when shellfish may be harvested or no harvest is allowed at any time. Downgrades are generally caused by fecal bacteria or other pollutants in the water that make shellfish unsafe to eat. Any shellfish beds classified as conditionally approved, restricted, or prohibited whose status is upgraded, results in newly harvestable acres and are counted toward the 2020 target.~P The shellfish harvest area classification process is defined in federal rules and adopted in state regulations. The Department of Health implements the rules at the state level. The purpose of the Department of Health program is to assure that harvested shellfish are safe to consume. This also includes making certain that pollution sources are continually assessed and marine water quality monitored around every classified harvest area. The data collected for the classification process not only represent the conditions that dictate shellfish harvest, but their trends can also indicate a healthier Puget Sound.~P Department of Health samples more than 1,700 marine water stations between 6 and 12 times each year for fecal coliform bacteria, salinity, and temperature. A minimum of 30 of the most recent samples from each marine water station are used to classify each shellfish harvesting area. In addition, shoreline pollution sources, including wastewater treatment plants, individual on-site sewage systems, marinas, farms, and any other activity with the potential to impact the shellfish area, are evaluated periodically and results are integrated in the classification process.",
    "target": "A net increase of 10,800 harvestable shellfish acres between 2007 and 2020, including 7,000 acres where harvest had been prohibited.",
	"interim-target": "No, this indicator did not meet it's 2014 interim target ~P<img src='vs-images/shellfish-table1.jpg' width='634' height='244' alt=''/>",
    "map-link": "text goes here",
   	"links": {
			"link0": {
				"link-name" : "I am a link1",
				"link-url" : "https://content.govdelivery.com/accounts/WAPSP/bulletins/19f8a4b"
			},
			"link1": {
				"link-name" : "I am a link2",
				"link-url" : "https://content.govdelivery.com/accounts/WAPSP/bulletins/19f8a4b"
			},
			"link2": {
				"link-name" : "I am a link3",
				"link-url" : "https://content.govdelivery.com/accounts/WAPSP/bulletins/19f8a4b"
			},
			"link3": {
				"link-name" : "I am a link4",
				"link-url" : "https://content.govdelivery.com/accounts/WAPSP/bulletins/19f8a4b"
			},
			"link4": {
				"link-name" : "I am a link5",
				"link-url" : "https://content.govdelivery.com/accounts/WAPSP/bulletins/19f8a4b"
			},
			"link5": {
				"link-name" : "I am a link6",
				"link-url" : "https://content.govdelivery.com/accounts/WAPSP/bulletins/19f8a4b"
			},
			"link6": {
				"link-name" : "I am a link7",
				"link-url" : "https://content.govdelivery.com/accounts/WAPSP/bulletins/19f8a4b"
			},
			"link7": {
				"link-name" : "I am a link8",
				"link-url" : "https://content.govdelivery.com/accounts/WAPSP/bulletins/19f8a4b"
			},
			"link8": {
				"link-name" : "I am a link9",
				"link-url" : "https://content.govdelivery.com/accounts/WAPSP/bulletins/19f8a4b"
			}	
		}
  }
}